pisteet,kanava,tunnus,url,maa,maan_varmuus,kieli,niche,niche_tarkka,pelit,tilaajat,katselut_per_video,katselu_mediaani,katselu_ikkuna,katselut_per_tilaaja,trendi,trendi_pros,videoita_per_kk,pv_edellisesta,videoita_yhteensa,lyhytvideo_osuus,tykkays_pros,kommentti_pros,kanavan_ika_pv,tiktok,instagram,twitch,facebook,x,yhteystieto,yhteystieto_business,puhuu_laitteistosta,nuori_yleiso,jo_kumppani,aiemmin_hylatty,kilpailija,loytyi,siemen,paras_video,perustelu,lopputulos,hylkayssyy
105,Fireonyx,@fireonyx-a,https://www.youtube.com/@fireonyx-a,DE,varma,de,peli,Minecraft,Minecraft | Fortnite | GTA | Roblox | Mobiilipelit,7150,4215,1813,30d,0.59,laskeva,-82,20,1,386,100 %,5.13,0.3,400,,,,,,,,kyllä,,,,,kommentoija,iCrimax,Bitte abonniert für die 7k,"katselut 59 % tilaajista; puhuu laitteistosta; Minecraft, niche vaatii koneen; katselut laskussa -82 %; kokoluokka osuu; löytyi kommentoijana (iCrimax); julkaisee aktiivisesti",,
105,Wertheft70,@wertheft70-gaming,https://www.youtube.com/@wertheft70-gaming,DE,epävarma,de,peli,Minecraft,Minecraft | Roblox,4120,3327,1672,30d,0.81,nouseva,303,20,0,149,65 %,2.6,0.12,2683,,,,,,,,,,,,,kommentoija,Ukri,Ukri und Pat haben das krasser Flugzeug aber dann #edit #viralshorts #minecraft @Pat1,"katselut 81 % tilaajista; Minecraft, niche vaatii koneen; katselut nousussa 303 %; kokoluokka osuu; löytyi kommentoijana (Ukri); julkaisee aktiivisesti; maa epävarma",,
100,LiveLuc,@liveluc,https://www.youtube.com/@liveluc,DE,varma,de,peli,Minecraft,Minecraft,33200,43705,46322,30d,1.32,vakaa,-5,20,1,335,0 %,3.78,0.5,416,,,,,,Business@liveluc.com,Business@liveluc.com,,,,,,maalista,,AVIVE BANNT MICH AUS MINECRAFT HELDEN 3...,"katselut 132 % tilaajista; Minecraft, niche vaatii koneen; kokoluokka osuu; vain yhden maan listalla; julkaisee aktiivisesti; yhteystieto kuvauksessa",,
95,ZItachi,@xzitachi,https://www.youtube.com/@xzitachi,DE,varma,de,peli,Minecraft,Minecraft,85400,67262,59022,30d,0.79,vakaa,-20,20,1,864,0 %,3.25,0.57,3051,,,,,,,,,,,,,maalista,,ICH TÖTE EINEN ENDKRIEGER... (Minecraft Helden 3),"katselut 79 % tilaajista; Minecraft, niche vaatii koneen; kokoluokka osuu; vain yhden maan listalla; julkaisee aktiivisesti",,
95,FarisREAL,@farisreal948,https://www.youtube.com/@farisreal948,DE,varma,de,peli,Minecraft,Minecraft | Roblox,3960,929,153,30d,0.23,nouseva,909,20,1,908,45 %,2.04,0.37,1665,,,,,,farisreal@web.de,,,,,,,kommentoija,iCrimax,PAULBERGER CHERRY von @iCrimax TESTEN #icrimax #shortsfeed #challenge #reaction,"katselut 23 % tilaajista; Minecraft, niche vaatii koneen; katselut nousussa 909 %; alle heidän haarukkansa; löytyi kommentoijana (iCrimax); julkaisee aktiivisesti; yhteystieto kuvauksessa",,
95,SpaceMitX,@spacemitx,https://www.youtube.com/@spacemitx,DE,varma,de,peli,Minecraft,Minecraft,75700,16899,16174,30d,0.22,vakaa,-1,3.3,1,1117,70 %,3.34,0.17,4345,,,,,,,,,,,,,kommentoija,Benx,Mein EINZIGER FREUND verrät mich in MINECRAFT FEINDE,"katselut 22 % tilaajista; Minecraft, niche vaatii koneen; kokoluokka osuu; löytyi kommentoijana (Benx); julkaisee aktiivisesti",,
90,FinlayGaming,@finlaygaming-x7v,https://www.youtube.com/@finlaygaming-x7v,DE,epävarma,de,peli,Minecraft,Minecraft | GTA | Roblox,784,397,244,30d,0.51,nouseva,225,12,1,288,85 %,1.13,0.21,427,,,,,,,,,,,,,kommentoija,iCrimax,bitteee @MaelRobloxReal,"katselut 51 % tilaajista; Minecraft, niche vaatii koneen; katselut nousussa 225 %; alle heidän haarukkansa; löytyi kommentoijana (iCrimax); julkaisee aktiivisesti; maa epävarma",,
90,Holziii,@holzkopf950,https://www.youtube.com/@holzkopf950,DE,epävarma,de,peli,Minecraft,Minecraft | Fortnite | Roblox,1110,1478,998,30d,1.33,nouseva,33,20,1,99,75 %,1.18,0.06,174,,,,,,,,,,,,,kommentoija,Standart Skill,Never Messing With Verity Ever Again....#verity #minecraft #gamplay #subscribe,"katselut 133 % tilaajista; Minecraft, niche vaatii koneen; katselut nousussa 33 %; alle heidän haarukkansa; löytyi kommentoijana (Standart Skill); julkaisee aktiivisesti; maa epävarma",,
90,RyZeYT,@ryzeytgaming,https://www.youtube.com/@ryzeytgaming,DE,epävarma,de,peli,Fortnite,Fortnite | Roblox,2050,843,810,30d,0.41,nouseva,56,20,7,605,10 %,1,0,2096,,,,,,,,,,,,,kommentoija,Standart Skill,PVPS UND TRADES MIT EUCH! DICE GARAMAS ODER GEARS!,"katselut 41 % tilaajista; Fortnite, niche vaatii koneen; katselut nousussa 56 %; alle heidän haarukkansa; löytyi kommentoijana (Standart Skill); julkaisee aktiivisesti; maa epävarma",,
90,Zytoqu,@zytoqu,https://www.youtube.com/@zytoqu,DE,varma,de,peli,Minecraft,Minecraft,30900,38629,30648,30d,1.25,laskeva,-39,20,0,1229,85 %,2.98,0.06,3471,,,,,,Zytoqu@gmail.com,,,,,,,kommentoija,BastiGHG,Wie findet ihr denn diese Kaugummi Werbung #shorts #trending,"katselut 125 % tilaajista; Minecraft, niche vaatii koneen; katselut laskussa -39 %; kokoluokka osuu; löytyi kommentoijana (BastiGHG); julkaisee aktiivisesti; yhteystieto kuvauksessa",,
90,Dexo,@dexo1234-y8i,https://www.youtube.com/@dexo1234-y8i,DE,epävarma,de,peli,Minecraft,Minecraft | Roblox,1100,316,332,30d,0.29,nouseva,87,15.2,14,437,45 %,1.46,0.13,722,,,,,,,,,,,,,kommentoija,Benx,mecha Chameleon auseinander genommen #roblox #mechachameleon #live,"katselut 29 % tilaajista; Minecraft, niche vaatii koneen; katselut nousussa 87 %; alle heidän haarukkansa; löytyi kommentoijana (Benx); julkaisee aktiivisesti; maa epävarma",,
90,RezonDaily,@rezonshort,https://www.youtube.com/@rezonshort,DE,varma,de,peli,Fortnite,Fortnite,31100,18325,16117,30d,0.59,laskeva,-52,20,0,643,100 %,2.99,0.06,1833,,,,,,businessrezondaily@gmail.com,businessrezondaily@gmail.com,,,,,,kommentoija,rezon ay,Die Waveboys drehen durch😱 #rezon #rezonay #fortnite #fyp,"katselut 59 % tilaajista; Fortnite, niche vaatii koneen; katselut laskussa -52 %; kokoluokka osuu; löytyi kommentoijana (rezon ay); julkaisee aktiivisesti; yhteystieto kuvauksessa",,
85,MRZombie,@mister-zombie_minecraft,https://www.youtube.com/@mister-zombie_minecraft,DE,epävarma,de,peli,Minecraft,Minecraft,870,1231,1130,30d,1.41,vakaa,-2,10.9,1,102,100 %,2.49,0.6,155,,,Kanal,,,craft-core@gmx.de,,,,,,,kommentoija,BastiGHG,POV: 3 Sachen die jeder Minecraft Anfänger macht #minecraft #game #minecraftyoutube #belike #noob,"katselut 141 % tilaajista; Minecraft, niche vaatii koneen; alle heidän haarukkansa; löytyi kommentoijana (BastiGHG); julkaisee aktiivisesti; yhteystieto kuvauksessa; maa epävarma",,
85,JetskiMC,@jetskimc_yt,https://www.youtube.com/@jetskimc_yt,DE,epävarma,de,peli,Minecraft,Minecraft,918,1271,1324,30d,1.38,vakaa,1,20,1,174,85 %,2.29,0.79,277,,,jujeckski,,,,,,,,,,kommentoija,BastiGHG,Lange her... #minecraft #fyp #viral #gaming #plsgoviral,"katselut 138 % tilaajista; Minecraft, niche vaatii koneen; 3 alustaa (twitch, discord); alle heidän haarukkansa; löytyi kommentoijana (BastiGHG); julkaisee aktiivisesti; maa epävarma",,
85,KaipacheTutorials,@kaipachetutorials,https://www.youtube.com/@kaipachetutorials,DE,varma,de,peli,Minecraft,Minecraft,2150,2049,510,30d,0.95,vakaa,-28,4.1,3,174,35 %,1.57,0.26,1425,,@officialkaipache,,,,businesskersoy@gmail.com,businesskersoy@gmail.com,,,,,,kommentoija,CastCrafter,ULTIMATIVE BEDROCK GOLD FARM! (17500 Items/Std) #minecraft #bedrock,"katselut 95 % tilaajista; Minecraft, niche vaatii koneen; alle heidän haarukkansa; löytyi kommentoijana (CastCrafter); julkaisee aktiivisesti; yhteystieto kuvauksessa",,
85,Waleric,@waleriic,https://www.youtube.com/@waleriic,DE,varma,de,peli,Minecraft,Minecraft,4600,6705,6705,30d,1.46,vakaa,-22,2.7,28,82,0 %,3.79,1.55,500,,,,,,,,,,,,,kommentoija,CastCrafter,ICH LERNE IN 7 TAGEN MINECRAFT PVP,"katselut 146 % tilaajista; Minecraft, niche vaatii koneen; kokoluokka osuu; löytyi kommentoijana (CastCrafter)",,
80,YT Luka,@ytluka-j1e,https://www.youtube.com/@ytluka-j1e,DE,epävarma,de,peli,Minecraft,Minecraft | Fortnite,2130,1914,1914,30d,0.9,vakaa,18,4.2,11,558,65 %,2.46,1.88,642,,,,,,,,,kyllä,,,,kommentoija,LiveLuc,POV: Du Hast Die Besten Enchantments..,"katselut 90 % tilaajista; Minecraft, niche vaatii koneen; alle heidän haarukkansa; löytyi kommentoijana (LiveLuc); julkaisee aktiivisesti; maa epävarma; viitteitä nuoresta yleisöstä",,
80,CollinFN,@collin_fn7,https://www.youtube.com/@collin_fn7,DE,epävarma,de,peli,Fortnite,Fortnite,1770,1452,946,30d,0.82,vakaa,24,11.7,3,274,80 %,2.58,0.48,997,,,,,,,,,,,,,kommentoija,LiveLuc,#fortnite #fortnite #fortniteclips #viral,"katselut 82 % tilaajista; Fortnite, niche vaatii koneen; alle heidän haarukkansa; löytyi kommentoijana (LiveLuc); julkaisee aktiivisesti; maa epävarma",,
80,ZyztmClips,@zyztmclipszc,https://www.youtube.com/@zyztmclipszc,DE,varma,de,peli,Fortnite,Fortnite,8270,65787,26827,30d,7.95,vakaa,-16,20,1,187,100 %,1.24,0.02,196,@ab,,,,,,,,,,,,kommentoija,iCrimax,Zyztm baut die Tortilla Ramp!😮 #fortnite #gaming #fortniteclips,"katselusuhde 795 % epäilyttävän korkea; myös TikTokissa; Fortnite, niche vaatii koneen; kokoluokka osuu; löytyi kommentoijana (iCrimax); julkaisee aktiivisesti",,
80,RaziSevens,@razi7s,https://www.youtube.com/@razi7s,DE,varma,de,peli,Minecraft,Minecraft | Mobiilipelit,1230,765,765,90d,0.62,nouseva,71,0.4,32,319,10 %,2.75,1.96,3091,,,,,,,,,,,,,kommentoija,Trymacs,osu! Free 400-500pp DT Farm Maps! 2000PP FARMED IN 5 SESSIONS,"katselut 62 % tilaajista; Minecraft, niche vaatii koneen; katselut nousussa 71 %; alle heidän haarukkansa; löytyi kommentoijana (Trymacs)",,
80,rezemica,@rezemica,https://www.youtube.com/@rezemica,DE,epävarma,de,peli,Minecraft,Minecraft | Fortnite | GTA | Battlefield / CoD,1230,1862,1862,90d,1.51,nouseva,508,1.2,83,66,65 %,1.48,0.35,1858,,,,,,,,,,,,,kommentoija,Trymacs,Herobrain einfach! #clips #minecraft #fortnite #twitchclips #twitch #shorts #feedshorts #bf6,"katselut 151 % tilaajista; Minecraft, niche vaatii koneen; katselut nousussa 508 %; alle heidän haarukkansa; löytyi kommentoijana (Trymacs); maa epävarma",,
80,Color world,@color_world14,https://www.youtube.com/@color_world14,DE,epävarma,de,peli,Minecraft,Minecraft | Roblox,1670,1682,1682,30d,1.01,vakaa,-15,2,13,98,100 %,1.07,0.3,1113,,,,,,,,,,,,,kommentoija,BastiGHG,Beauty and a Beat with metaAI 🤫 #comedy #justinbieber #beautyandabeat #whatsapp #funny #edit #niki,"katselut 101 % tilaajista; Minecraft, niche vaatii koneen; alle heidän haarukkansa; löytyi kommentoijana (BastiGHG); julkaisee aktiivisesti; maa epävarma",,
80,brawlbrottv ,@brawlbrottv-p8j,https://www.youtube.com/@brawlbrottv-p8j,DE,epävarma,de,peli,Minecraft,Minecraft | Fortnite | Roblox,731,1134,1135,30d,1.55,vakaa,-6,20,0,87,60 %,1.83,0.16,119,,,,,,,,,,,,,kommentoija,BastiGHG,brawlbrottv  is live,"katselut 155 % tilaajista; Minecraft, niche vaatii koneen; alle heidän haarukkansa; löytyi kommentoijana (BastiGHG); julkaisee aktiivisesti; maa epävarma",,
80,HomeBarley,@homebarley,https://www.youtube.com/@homebarley,DE,epävarma,de,peli,Minecraft,Minecraft,586,281,284,30d,0.48,vakaa,-21,8,2,147,90 %,1.78,0.66,320,,,,,,,,,,,,,kommentoija,BastiGHG,Part 13 wo ich in minecraft Crystal PvP besser werden will!,"katselut 48 % tilaajista; Minecraft, niche vaatii koneen; alle heidän haarukkansa; löytyi kommentoijana (BastiGHG); julkaisee aktiivisesti; maa epävarma",,
80,Aphmauu_editz,@aphmauu_editz,https://www.youtube.com/@aphmauu_editz,,tuntematon,en,peli,Minecraft,Minecraft,2600,5145,3519,30d,1.98,nouseva,46,11.9,0,186,100 %,4.65,0.6,336,,,,,,,,,,,,,kommentoija,MinuteTech,Aphmau characters if they were our school teachers,"katselut 198 % tilaajista; Minecraft, niche vaatii koneen; katselut nousussa 46 %; alle heidän haarukkansa; löytyi kommentoijana (MinuteTech); julkaisee aktiivisesti",,
80,「Itachi_Social」,@itachi.uchiha-cpr,https://www.youtube.com/@itachi.uchiha-cpr,DE,varma,de,peli,Minecraft,Minecraft | Fortnite | GTA,3610,2107,2125,90d,0.58,nouseva,192,1.8,34,261,80 %,3.45,0.05,2129,,,,,,,,,,,,,kommentoija,CSYON,Minato Namikaze #minato #naruto #anime #narutoshippuden #fourthhokage,"katselut 58 % tilaajista; Minecraft, niche vaatii koneen; katselut nousussa 192 %; alle heidän haarukkansa; löytyi kommentoijana (CSYON)",,
80,Linusogs_,@linusogs.official,https://www.youtube.com/@linusogs.official,DE,epävarma,de,peli,Fortnite,Fortnite,2390,756,915,30d,0.32,vakaa,-22,13.3,4,566,90 %,1.06,0.4,1475,,,Linusogs_,,,,,,,,,,kommentoija,rezon ay,Tuff?(Twitch:Linusogs_)#shorts#viralshorts#linusogs#tuff#aura#streamer#liken#abonnieren,"katselut 32 % tilaajista; Fortnite, niche vaatii koneen; alle heidän haarukkansa; löytyi kommentoijana (rezon ay); julkaisee aktiivisesti; maa epävarma",,
80,Ukri2 ,@simukri2,https://www.youtube.com/@simukri2,DE,epävarma,de,peli,Minecraft,Minecraft,664,385,221,30d,0.58,vakaa,-16,19.8,1,318,90 %,2.19,0.04,289,,,,,,,,,,,,,kommentoija,Ukri,Billy und ukri in der nacht in Minecraft #ukri #shorts,"katselut 58 % tilaajista; Minecraft, niche vaatii koneen; alle heidän haarukkansa; löytyi kommentoijana (Ukri); julkaisee aktiivisesti; maa epävarma",,
75,Jakob bs 14,@jakobbs14,https://www.youtube.com/@jakobbs14,DE,epävarma,de,peli,Minecraft,Minecraft | Roblox,5440,462,323,30d,0.08,nouseva,125,15.1,1,479,80 %,2.07,0.31,490,,,,,,,,,,,,,kommentoija,LiveLuc,Icrimax stirbt!,"katselut vain 8 % tilaajista; Minecraft, niche vaatii koneen; katselut nousussa 125 %; kokoluokka osuu; löytyi kommentoijana (LiveLuc); julkaisee aktiivisesti; maa epävarma",,
75,Christian Gaming,@christian_gaming7,https://www.youtube.com/@christian_gaming7,DE,epävarma,de,peli,Minecraft,Minecraft | Roblox,1170,17,19,30d,0.01,vakaa,-7,6.4,8,529,90 %,16,4,3121,@Christian,,,,,,,,,,,,kommentoija,iCrimax,Was soll ich als Nächstes essen? 🥘 #fyp #essen #ai,"katselut vain 1 % tilaajista; myös TikTokissa; Minecraft, niche vaatii koneen; alle heidän haarukkansa; löytyi kommentoijana (iCrimax); julkaisee aktiivisesti; maa epävarma",,
75,GoodGaming ,@goodgamingiq3689,https://www.youtube.com/@goodgamingiq3689,DE,epävarma,de,peli,Fortnite,Fortnite | Roblox,6170,9,9,30d,0,nouseva,133,4.1,7,969,25 %,0,0,442,,,,,,,,,,,,,kommentoija,iCrimax,New admin abuse!!!,"Fortnite, niche vaatii koneen; katselut nousussa 133 %; kokoluokka osuu; löytyi kommentoijana (iCrimax); julkaisee aktiivisesti; maa epävarma",,
75,Bones7,@bones7youtube,https://www.youtube.com/@bones7youtube,DE,varma,de,peli,Minecraft,Minecraft | Roblox | Mobiilipelit,2100,1526,1501,30d,0.73,laskeva,-76,4.3,0,220,70 %,2,0.71,526,,,,,,bones7business@gmail.com,bones7business@gmail.com,,,,,,kommentoija,Standart Skill,Heute ist der letzte Tag an dem…🤔 #brawlstars #starrnova,"katselut 73 % tilaajista; Minecraft, niche vaatii koneen; katselut laskussa -76 %; alle heidän haarukkansa; löytyi kommentoijana (Standart Skill); julkaisee aktiivisesti; yhteystieto kuvauksessa",,
70,Rohaze,@rohaze,https://www.youtube.com/@rohaze,DE,varma,de,peli,Minecraft,Minecraft | GTA,147000,200496,89500,30d,1.36,vakaa,1,20,1,677,10 %,1.39,0.12,1344,,,,,,business@rohat.gg,business@rohat.gg,,,,,,maalista,,TIM VOLLERT ERKLÄRT MIR DIE WELT,"katselut 136 % tilaajista; 147k tilaajaa, yli rajan 110k: 5 hylkäystä syystä kilpailija tai eksklusiivisuus, pienin niistä 110 000 tilaajaa; Minecraft, niche vaatii koneen; kokoluokka osuu; vain yhden maan listalla; julkaisee aktiivisesti; yhteystieto kuvauksessa",,
70,RevEditz,@mr_tigerytx,https://www.youtube.com/@mr_tigerytx,DE,epävarma,de,peli,Minecraft,Minecraft,581,124,2,30d,0.21,laskeva,-60,7.1,3,160,85 %,2.01,0.3,1273,,,,,,,,,,,,,kommentoija,LiveLuc,World Cup.. #neymar #ronaldo #cr7 #modric #salah #shorts #heartbreaking #worldcup2026 #worldcup,"katselut 21 % tilaajista; Minecraft, niche vaatii koneen; katselut laskussa -60 %; alle heidän haarukkansa; löytyi kommentoijana (LiveLuc); julkaisee aktiivisesti; maa epävarma",,
70,YTStarL,@slo_starl,https://www.youtube.com/@slo_starl,DE,varma,de,peli,Minecraft,Minecraft | Fortnite | Roblox,1970,2035,72,30d,1.03,laskeva,-45,1.1,7,169,55 %,0.49,0.08,1758,,,,,,,,,,,,,kommentoija,iCrimax,Arianfn wurde gehackt also aufpassen!!! kein Fake #arianfn #conent #viral #foryou #ariancomback ???,"katselut 103 % tilaajista; Minecraft, niche vaatii koneen; katselut laskussa -45 %; alle heidän haarukkansa; löytyi kommentoijana (iCrimax); julkaisee aktiivisesti",,
70,Shadow und Mio YT,@dunkelheit-yt,https://www.youtube.com/@dunkelheit-yt,DE,epävarma,de,peli,Minecraft,Minecraft | Roblox,948,825,900,30d,0.87,laskeva,-37,11.4,7,783,95 %,1.48,0.27,605,,,,,,,,,,,,,kommentoija,iCrimax,Welche Klasse?? #shorts,"katselut 87 % tilaajista; Minecraft, niche vaatii koneen; katselut laskussa -37 %; alle heidän haarukkansa; löytyi kommentoijana (iCrimax); julkaisee aktiivisesti; maa epävarma",,
70,Ouassim 67,@ouassim-67,https://www.youtube.com/@ouassim-67,DE,epävarma,de,peli,Minecraft,Minecraft,2820,782,301,30d,0.28,laskeva,-96,20,2,355,100 %,3.48,0.08,197,,,,,,,,,,,,,kommentoija,iCrimax,amir vs avieve icrimax ist der beste,"katselut 28 % tilaajista; Minecraft, niche vaatii koneen; katselut laskussa -96 %; alle heidän haarukkansa; löytyi kommentoijana (iCrimax); julkaisee aktiivisesti; maa epävarma",,
70,CobyZockt!,@cobyzocktrbx,https://www.youtube.com/@cobyzocktrbx,DE,epävarma,de,peli,Minecraft,Minecraft | Roblox | Mobiilipelit,3130,1157,1157,30d,0.37,laskeva,-72,0.8,1,99,95 %,1.12,0.26,1469,,,,,,,,,,,,,kommentoija,BastiGHG,Mortis Song Tutorial! #brawlstars #tutorial #edit #supercell #viralshorts #comedy #sigma #shorts,"katselut 37 % tilaajista; Minecraft, niche vaatii koneen; katselut laskussa -72 %; alle heidän haarukkansa; löytyi kommentoijana (BastiGHG); julkaisee aktiivisesti; maa epävarma",,
70,Big bain y11,@bigbainy11,https://www.youtube.com/@bigbainy11,DE,epävarma,de,peli,Minecraft,Minecraft | Fortnite,1010,384,238,30d,0.38,laskeva,-77,18.7,0,48,60 %,2.51,0.41,780,,,,,,,,,,,,,kommentoija,BastiGHG,Schaut euch mein neues Video an,"katselut 38 % tilaajista; Minecraft, niche vaatii koneen; katselut laskussa -77 %; alle heidän haarukkansa; löytyi kommentoijana (BastiGHG); julkaisee aktiivisesti; maa epävarma",,
70,Julchen,@julchen787,https://www.youtube.com/@julchen787,DE,epävarma,de,peli,Minecraft,Minecraft,1040,919,1068,30d,0.88,laskeva,-37,20,1,798,95 %,2.02,0.66,409,,,,,,,,,,,,,kommentoija,BastiGHG,Als obbbb:) #daniklieber,"katselut 88 % tilaajista; Minecraft, niche vaatii koneen; katselut laskussa -37 %; alle heidän haarukkansa; löytyi kommentoijana (BastiGHG); julkaisee aktiivisesti; maa epävarma",,
70,VuldoCpvp,@vuldocpvp,https://www.youtube.com/@vuldocpvp,,tuntematon,en,peli,Minecraft,Minecraft,855,168,168,30d,0.2,vakaa,20,19.5,5,103,20 %,2.11,0.07,578,,,,,,,,,,,,,kommentoija,MinuteTech,💰Donut smp live | 10M per base | arrow game 4B+|  road to media and 10bil #donutsmplive,"katselut 20 % tilaajista; Minecraft, niche vaatii koneen; alle heidän haarukkansa; löytyi kommentoijana (MinuteTech); julkaisee aktiivisesti",,
70,Danielobang04,@danielobang04,https://www.youtube.com/@danielobang04,DE,epävarma,de,peli,Minecraft,Minecraft | Fortnite | Battlefield / CoD | Roblox,834,281,29,30d,0.34,laskeva,-70,10.5,4,679,30 %,1.43,0,1960,,,,,,,,,,,,,kommentoija,rezon ay,Ich bin noch da,"katselut 34 % tilaajista; Minecraft, niche vaatii koneen; katselut laskussa -70 %; alle heidän haarukkansa; löytyi kommentoijana (rezon ay); julkaisee aktiivisesti; maa epävarma",,
70,FliFix,@flifix_xx,https://www.youtube.com/@flifix_xx,DE,epävarma,de,peli,Minecraft,Minecraft | Simulaattorit,2060,1757,1252,30d,0.85,laskeva,-39,4.7,7,77,75 %,2.06,0.26,1320,,,,,,,,,,,,,kommentoija,CastCrafter,Spaceflight Simulator - Future Mission to Mars,"katselut 85 % tilaajista; Minecraft, niche vaatii koneen; katselut laskussa -39 %; alle heidän haarukkansa; löytyi kommentoijana (CastCrafter); julkaisee aktiivisesti; maa epävarma",,
65,ToxicFreeeez ,@toxicfreeeez,https://www.youtube.com/@toxicfreeeez,,tuntematon,en,peli,Minecraft,Minecraft,581,856,468,30d,1.47,laskeva,-74,18.1,0,261,30 %,0.98,0.19,4497,,,toxicfreezeez,,,,,,,,,,kommentoija,MinuteTech,Escaping Trappers on Donut SMP Live | follow me on twitch and sub so u get notified when i stream,"katselut 147 % tilaajista; Minecraft, niche vaatii koneen; katselut laskussa -74 %; 3 alustaa (twitch, discord); alle heidän haarukkansa; löytyi kommentoijana (MinuteTech); julkaisee aktiivisesti",,
65,Spongs,@spongs,https://www.youtube.com/@spongs,,tuntematon,en,peli,Minecraft,Minecraft,223000,94318,37546,30d,0.42,nouseva,164,9.1,5,65,0 %,2.83,0.3,1240,,,,,,,,,,,,,kommentoija,MinuteTech,Ragebaiting an Innocent Player Until She Quits,"katselut 42 % tilaajista; 223k tilaajaa, yli rajan 110k: 5 hylkäystä syystä kilpailija tai eksklusiivisuus, pienin niistä 110 000 tilaajaa; Minecraft, niche vaatii koneen; katselut nousussa 164 %; kokoluokka osuu; löytyi kommentoijana (MinuteTech); julkaisee aktiivisesti",,
60,kazi,@golybb,https://www.youtube.com/@golybb,,tuntematon,ru,peli,Minecraft,Minecraft,10000,14713,1981,90d,1.47,vakaa,14,0.4,1155,53,100 %,1.45,0.34,1921,,,,,,,,,,,,,kommentoija,MrLololoshka (Роман Фильченков),#капибара #зз,"katselut 147 % tilaajista; Minecraft, niche vaatii koneen; kokoluokka osuu; löytyi kommentoijana (MrLololoshka (Роман Фильченков)); 1155 pv edellisestä videosta",,
60,𝑻𝒐𝒙𝒊𝒄𝒄𝒆𝒏𝒏𝒐𝒙_𝒀𝑻𓄂ᬼ𓆃,@toxiccennox_yt,https://www.youtube.com/@toxiccennox_yt,DE,epävarma,de,peli,Minecraft,Minecraft | Fortnite | Roblox,1030,170,195,30d,0.17,laskeva,-76,6.7,20,1594,80 %,1.32,0.73,2893,,,,,,,,,,,,,kommentoija,Standart Skill,Ja leute deswegen sind keine videos gekommen #fyp #viral,"katselut 17 % tilaajista; Minecraft, niche vaatii koneen; katselut laskussa -76 %; alle heidän haarukkansa; löytyi kommentoijana (Standart Skill); maa epävarma",,
60,RealLuC,@realluc3,https://www.youtube.com/@realluc3,DE,epävarma,de,peli,Fortnite,Fortnite,5100,1771,293,90d,0.35,laskeva,-92,2.3,113,85,75 %,0.58,0.4,1316,,,,,,,,,,,,,kommentoija,Standart Skill,#2homiedawgs #funny,"katselut 35 % tilaajista; Fortnite, niche vaatii koneen; katselut laskussa -92 %; kokoluokka osuu; löytyi kommentoijana (Standart Skill); 113 pv edellisestä videosta; maa epävarma",,
60,Wain,@agentwain,https://www.youtube.com/@agentwain,DE,epävarma,de,peli,Fortnite,Fortnite | GTA | Roblox,3390,156,18,30d,0.05,nouseva,31,14.6,6,99,55 %,2.01,0.34,372,,,,,,,,,,,,,kommentoija,Standart Skill,Fortnite mysteries part 1😱,"katselut vain 5 % tilaajista; Fortnite, niche vaatii koneen; katselut nousussa 31 %; alle heidän haarukkansa; löytyi kommentoijana (Standart Skill); julkaisee aktiivisesti; maa epävarma",,
60,Einfachenny ,@einfachennyyt,https://www.youtube.com/@einfachennyyt,DE,epävarma,de,peli,Minecraft,Minecraft | Roblox,1730,393,348,30d,0.23,laskeva,-69,1.1,24,9,67 %,1.78,0.68,619,,,,,,,,,,,,,kommentoija,Benx,bitte likw uns abo #roblox,"katselut 23 % tilaajista; Minecraft, niche vaatii koneen; katselut laskussa -69 %; alle heidän haarukkansa; löytyi kommentoijana (Benx); maa epävarma",,
60,qren,@qrenmc,https://www.youtube.com/@qrenmc,,tuntematon,en,peli,Minecraft,Minecraft,1240,1720,1720,30d,1.39,laskeva,-87,1.1,5,7,0 %,1.77,0.61,405,,,,,,,,,,,,,kommentoija,MinuteTech,I Became A Spear-Mace MASTER On My School's SMP,"katselut 139 % tilaajista; Minecraft, niche vaatii koneen; katselut laskussa -87 %; alle heidän haarukkansa; löytyi kommentoijana (MinuteTech); julkaisee aktiivisesti",,
55,Michael,@katya8860,https://www.youtube.com/@katya8860,DE,epävarma,de,peli,Minecraft,Minecraft | Mobiilipelit,15300,788,853,30d,0.05,laskeva,-55,20,0,33,90 %,1.17,0.06,5695,,,,,,,,,,,,,kommentoija,iCrimax,3. September 2026,"katselut vain 5 % tilaajista; Minecraft, niche vaatii koneen; katselut laskussa -55 %; kokoluokka osuu; löytyi kommentoijana (iCrimax); julkaisee aktiivisesti; maa epävarma",,
55,xSquiizyy,@xsquiizyy,https://www.youtube.com/@xsquiizyy,DE,varma,de,peli,Minecraft,Minecraft | Fortnite | GTA | Roblox,162000,77361,28666,30d,0.48,laskeva,-78,20,0,588,55 %,0.45,0.01,4548,,,,,,,,,,,,,kommentoija,Standart Skill,🔥NEUES KEYBOARD ESCAPE SPIEL? + ADMIN LAUFBAND? STEAL AN EGG? 🔥,"katselut 48 % tilaajista; 162k tilaajaa, yli rajan 110k: 5 hylkäystä syystä kilpailija tai eksklusiivisuus, pienin niistä 110 000 tilaajaa; Minecraft, niche vaatii koneen; katselut laskussa -78 %; kokoluokka osuu; löytyi kommentoijana (Standart Skill); julkaisee aktiivisesti",,
55,StefanPlays,@stefanplays_yt,https://www.youtube.com/@stefanplays_yt,DE,varma,de,tech review,Tech / hardware review,Minecraft | Simulaattorit | Roblox | Mobiilipelit,4510,54,58,30d,0.01,laskeva,-93,4,10,1075,30 %,6.45,7.83,1150,,,,,,,,,,,,,kommentoija,Trymacs,Girl Spike🩷👧❓  #brawlstars,"katselut vain 1 % tilaajista; Tech / hardware review, niche vaatii koneen; katselut laskussa -93 %; kokoluokka osuu; löytyi kommentoijana (Trymacs); julkaisee aktiivisesti",,
55,nemvevo,@nemvevo,https://www.youtube.com/@nemvevo,,tuntematon,en,peli,Minecraft,Minecraft,41400,464634,464634,30d,11.22,nouseva,546,0.4,14,16,17 %,1.81,0.09,1083,,,,,,,,,,,,,kommentoija,MinuteTech,How I Obtained My Superpowers,"katselusuhde 1122 % epäilyttävän korkea; Minecraft, niche vaatii koneen; katselut nousussa 546 %; kokoluokka osuu; löytyi kommentoijana (MinuteTech); julkaisee aktiivisesti",,
50,HerrFruit,@herrfruit,https://www.youtube.com/@herrfruit,DE,epävarma,de,peli,Minecraft,Minecraft,1180,5704,2077,30d,4.83,nouseva,116,19.6,4,148,100 %,2.2,0.06,917,,,,,,,,,,,,,kommentoija,LiveLuc,Platin verliert 1 Herz an Syou Und Alphastein holt sich die Krone #minecrafthelden3 #helden #pvp,"katselusuhde 483 % epäilyttävän korkea; Minecraft, niche vaatii koneen; katselut nousussa 116 %; alle heidän haarukkansa; löytyi kommentoijana (LiveLuc); julkaisee aktiivisesti; maa epävarma",,
50,fortlight fs7,@fortlightfs7,https://www.youtube.com/@fortlightfs7,DE,epävarma,de,peli,Fortnite,Fortnite | Roblox,661,19,14,30d,0.03,vakaa,-12,6,14,448,35 %,1.52,0,869,,,,,,,,,,,,,kommentoija,Standart Skill,Keyboard escape 🚨,"katselut vain 3 % tilaajista; Fortnite, niche vaatii koneen; alle heidän haarukkansa; löytyi kommentoijana (Standart Skill); julkaisee aktiivisesti; maa epävarma",,
50,BrickHD,@briickhd,https://www.youtube.com/@briickhd,DE,epävarma,de,peli,Minecraft,Minecraft,7140,31621,28813,30d,4.43,laskeva,-32,20,1,213,85 %,1.81,0.1,1411,,,,,,managementbrickhd@gmail.com,managementbrickhd@gmail.com,,,,,,kommentoija,BastiGHG,Platin macht Kill durch OP Falle in Helden 3! #viralshorts #helden3 #minecraft #edit,"katselusuhde 443 % epäilyttävän korkea; Minecraft, niche vaatii koneen; katselut laskussa -32 %; kokoluokka osuu; löytyi kommentoijana (BastiGHG); julkaisee aktiivisesti; yhteystieto kuvauksessa; maa epävarma",,
50,Toxing121,@toxingyt,https://www.youtube.com/@toxingyt,DE,epävarma,de,peli,Minecraft,Minecraft,829,4591,4591,30d,5.54,nouseva,742,1.4,14,11,0 %,3.99,2.05,2056,,,,,,,,,,,,,kommentoija,Benx,"Ich kaufe Texturepacks für 5€, 15€ und 30€!","katselusuhde 554 % epäilyttävän korkea; Minecraft, niche vaatii koneen; katselut nousussa 742 %; alle heidän haarukkansa; löytyi kommentoijana (Benx); julkaisee aktiivisesti; maa epävarma",,
50,Nexaro,@nexaro423,https://www.youtube.com/@nexaro423,DE,epävarma,de,peli,Fortnite,Fortnite | Roblox,538,3865,324,30d,7.18,nouseva,72,5.6,1,215,85 %,2.56,0.13,942,,,,,,,,,,,,,kommentoija,rezon ay,Edit Cars #edit #viral #bmw #volkswagen #mercedes,"katselusuhde 718 % epäilyttävän korkea; Fortnite, niche vaatii koneen; katselut nousussa 72 %; alle heidän haarukkansa; löytyi kommentoijana (rezon ay); julkaisee aktiivisesti; maa epävarma",,
50,F1nnFNBR,@f1nnfnbr,https://www.youtube.com/@f1nnfnbr,DE,varma,de,peli,Minecraft,Minecraft | Fortnite | Roblox | Mobiilipelit,807,2062,914,30d,2.56,nouseva,75,20,0,429,100 %,2.12,0.06,1090,,,,,,,,,,,,,kommentoija,rezon ay,Wichtiger spielt Minecraft mit KI durch #minecraft #minecraftshorts #minecraftgameplay #wichtiger,"katselusuhde 256 % epäilyttävän korkea; Minecraft, niche vaatii koneen; katselut nousussa 75 %; alle heidän haarukkansa; löytyi kommentoijana (rezon ay); julkaisee aktiivisesti",,
45,BastiGHG,@bastighg,https://www.youtube.com/@bastighg,DE,varma,de,peli,Minecraft,Minecraft,2350000,998163,1064170,30d,0.42,nouseva,42,7.3,1,1805,0 %,3.42,0.09,4503,,,,,,impressum@bastighg.de,,,,,,,maalista,,48 STUNDEN MINECRAFT NUR IN EINER BLUMEN WELT (WAS SCHAFFEN WIR?),"katselut 42 % tilaajista; 2350k tilaajaa, yli rajan 110k: 5 hylkäystä syystä kilpailija tai eksklusiivisuus, pienin niistä 110 000 tilaajaa; selvästi yli heidän haarukkansa; Minecraft, niche vaatii koneen; katselut nousussa 42 %; vain yhden maan listalla; julkaisee aktiivisesti; yhteystieto kuvauksessa",,
45,Bow,@bowassassin35,https://www.youtube.com/@bowassassin35,,tuntematon,en,peli,Minecraft,Minecraft,5440,137393,137393,90d,25.26,nouseva,786,0.3,85,9,44 %,5.79,0.45,2621,,,,,,,,,,,,,kommentoija,MinuteTech,How A Wind Charge Can Ban* Your Enemies,"katselusuhde 2526 % epäilyttävän korkea; Minecraft, niche vaatii koneen; katselut nousussa 786 %; kokoluokka osuu; löytyi kommentoijana (MinuteTech)",,
45,Levander Edits :),@levanderop,https://www.youtube.com/@levanderop,,tuntematon,en,peli,Minecraft,Minecraft,7060,14581,12413,30d,2.07,vakaa,3,12.4,1,112,95 %,5.4,0.41,1932,,,,,,,,,,,,,kommentoija,MinuteTech,8 Biggest Plot Twists on the Unstable SMP || Paparazzi (Dupstep) - Slowed,"katselusuhde 207 % epäilyttävän korkea; Minecraft, niche vaatii koneen; kokoluokka osuu; löytyi kommentoijana (MinuteTech); julkaisee aktiivisesti",,
45,WhatMax,@what_max,https://www.youtube.com/@what_max,,tuntematon,en,peli,Minecraft,Minecraft,9410,27467,27467,90d,2.92,nouseva,1215,0.3,40,15,0 %,3.56,0.26,3611,,,,,,,,,,,,,kommentoija,MinuteTech,This Is Minecraft’s Rarest Item,"katselusuhde 292 % epäilyttävän korkea; Minecraft, niche vaatii koneen; katselut nousussa 1215 %; kokoluokka osuu; löytyi kommentoijana (MinuteTech)",,
45,derOlf,@derrrolf,https://www.youtube.com/@derrrolf,DE,varma,de,peli,Minecraft,Minecraft,1930,7795,7795,90d,4.04,nouseva,115,1.4,85,21,5 %,7.25,2.07,505,,,,,,derrrOlf.Yt@gmail.com,,,,,,,kommentoija,CastCrafter,ICH TESTE DIE DÜMMSTEN MOUSEPADS DER WELT,"katselusuhde 404 % epäilyttävän korkea; Minecraft, niche vaatii koneen; katselut nousussa 115 %; alle heidän haarukkansa; löytyi kommentoijana (CastCrafter); yhteystieto kuvauksessa",,
40,wayetx ,@kryvexyt-h,https://www.youtube.com/@kryvexyt-h,DE,epävarma,de,peli,Minecraft,Minecraft,1280,145,139,90d,0.11,vakaa,1,2,60,11,33 %,5.94,2.62,932,,,,,,,,,,,,,kommentoija,iCrimax,MOGGED #viral #shorts,"katselut vain 11 % tilaajista; Minecraft, niche vaatii koneen; alle heidän haarukkansa; löytyi kommentoijana (iCrimax); maa epävarma",,
40,mShift12,@mshift_yt,https://www.youtube.com/@mshift_yt,DE,epävarma,de,peli,Minecraft,Minecraft | Roblox,627,3407,2469,30d,5.43,vakaa,-13,2.4,8,36,100 %,0.92,0.12,618,,,,,,,,,,,,,kommentoija,Standart Skill,Stanni zieht la secret #viral #stanni,"katselusuhde 543 % epäilyttävän korkea; Minecraft, niche vaatii koneen; alle heidän haarukkansa; löytyi kommentoijana (Standart Skill); julkaisee aktiivisesti; maa epävarma",,
40,S News,@snewscoding,https://www.youtube.com/@snewscoding,DE,epävarma,de,peli,Minecraft,Minecraft,1010,4647,1960,90d,4.6,nouseva,494,1.2,81,21,80 %,4.48,0.31,735,,,,,,,,,,,,,kommentoija,BastiGHG,HUGO SMP RELEASE!! #hugosmp #letshugo #hugosmp.net,"katselusuhde 460 % epäilyttävän korkea; Minecraft, niche vaatii koneen; katselut nousussa 494 %; alle heidän haarukkansa; löytyi kommentoijana (BastiGHG); maa epävarma",,
40,Shremidok,@shremidok,https://www.youtube.com/@shremidok,DE,epävarma,en,peli,Minecraft,Minecraft,761,1939,1700,30d,2.55,vakaa,6,8.5,10,192,85 %,1.96,0.65,729,,,,,,,,,,,,,kommentoija,MinuteTech,1.8 PLAYER playing SPEAR MACE? #hypixel,"katselusuhde 255 % epäilyttävän korkea; Minecraft, niche vaatii koneen; alle heidän haarukkansa; löytyi kommentoijana (MinuteTech); julkaisee aktiivisesti; maa epävarma",,
40,Tic Tac Bell Official,@tictacbell_,https://www.youtube.com/@tictacbell_,,tuntematon,en,peli,Minecraft,Minecraft | Mobiilipelit,1000,56,14,30d,0.06,vakaa,-24,2.2,11,505,15 %,1.53,0,918,,,,,,,,,,,,,kommentoija,MinuteTech,Haimeilan A15 Pro Max,"katselut vain 6 % tilaajista; Minecraft, niche vaatii koneen; alle heidän haarukkansa; löytyi kommentoijana (MinuteTech); julkaisee aktiivisesti",,
40,Special1929Yt Wrestling ,@special1929ytwrestling,https://www.youtube.com/@special1929ytwrestling,DE,epävarma,de,peli,Minecraft,Minecraft,2870,110,7,30d,0.04,laskeva,-30,16.5,1,913,100 %,0.14,0,1998,,,,,,,,,,,,,kommentoija,CSYON,Tony stark,"katselut vain 4 % tilaajista; Minecraft, niche vaatii koneen; katselut laskussa -30 %; alle heidän haarukkansa; löytyi kommentoijana (CSYON); julkaisee aktiivisesti; maa epävarma",,
40,deadston3,@realdeadston3,https://www.youtube.com/@realdeadston3,DE,varma,de,peli,Minecraft,Minecraft,10800,22946,24534,90d,2.12,nouseva,138,2.3,182,39,0 %,4.87,1.1,2264,,,,,,,,,,,,,kommentoija,CastCrafter,Vom besten SPIELER: Die einzig sinnvolle Tierliste!,"katselusuhde 212 % epäilyttävän korkea; Minecraft, niche vaatii koneen; katselut nousussa 138 %; kokoluokka osuu; löytyi kommentoijana (CastCrafter); 182 pv edellisestä videosta",,
35,GameStar,@gamestar,https://www.youtube.com/@gamestar,DE,varma,de,peli,Minecraft,Minecraft | GTA,1590000,186222,138848,30d,0.12,vakaa,-21,20,0,11432,5 %,1.43,0.15,6143,@durchgespielt,,Streams,,,brief@gamestar.de,,,,,,,maalista,,The Witcher 3 Remastered hat SO VIEL MEHR zu bieten als nur bessere Grafik!,"katselut vain 12 % tilaajista; myös TikTokissa; 1590k tilaajaa, yli rajan 110k: 5 hylkäystä syystä kilpailija tai eksklusiivisuus, pienin niistä 110 000 tilaajaa; selvästi yli heidän haarukkansa; Minecraft, niche vaatii koneen; 3 alustaa (tiktok, twitch); vain yhden maan listalla; julkaisee aktiivisesti; yhteystieto kuvauksessa",,
35,HamedLoco Spielt,@hamham5786,https://www.youtube.com/@hamham5786,DE,varma,de,peli,Minecraft,Minecraft | Fortnite | GTA | Roblox,376000,80541,70835,30d,0.21,vakaa,-27,20,2,1224,0 %,1.64,0.06,2083,,,,,,info@ciberdime.com,info@ciberdime.com,,,,,,maalista,,Das ist das lustigste Spiel aller Zeiten! (mimic party),"katselut 21 % tilaajista; 376k tilaajaa, yli rajan 110k: 5 hylkäystä syystä kilpailija tai eksklusiivisuus, pienin niistä 110 000 tilaajaa; selvästi yli heidän haarukkansa; Minecraft, niche vaatii koneen; vain yhden maan listalla; julkaisee aktiivisesti; yhteystieto kuvauksessa",,
35,rezon ay,@rezonay_,https://www.youtube.com/@rezonay_,DE,varma,de,peli,Fortnite,Fortnite | Roblox,667000,116830,92275,30d,0.18,vakaa,-28,9.9,0,969,25 %,2.8,0.25,3696,,,,,,rezon@ins.gg,,,,,,,maalista,,Ich Spiele wieder PRIME Fortnite... (Chapter 2),"katselut 18 % tilaajista; 667k tilaajaa, yli rajan 110k: 5 hylkäystä syystä kilpailija tai eksklusiivisuus, pienin niistä 110 000 tilaajaa; selvästi yli heidän haarukkansa; Fortnite, niche vaatii koneen; vain yhden maan listalla; julkaisee aktiivisesti; yhteystieto kuvauksessa",,
35,LUCREW,@lucrew,https://www.youtube.com/@lucrew,DE,varma,de,peli,Minecraft,Minecraft | Mobiilipelit,1530000,356544,342428,30d,0.23,vakaa,-6,20,0,1652,0 %,3.82,0.12,2813,,,,,,info@laserluca.com,info@laserluca.com,,,,,,maalista,,DAS LUSTIGSTE SPIEL ALLER ZEITEN,"katselut 23 % tilaajista; 1530k tilaajaa, yli rajan 110k: 5 hylkäystä syystä kilpailija tai eksklusiivisuus, pienin niistä 110 000 tilaajaa; selvästi yli heidän haarukkansa; Minecraft, niche vaatii koneen; vain yhden maan listalla; julkaisee aktiivisesti; yhteystieto kuvauksessa",,
35,TriDan,@tridanreal,https://www.youtube.com/@tridanreal,DE,varma,de,peli,Minecraft,Minecraft,254000,134219,136688,30d,0.53,vakaa,-1,20,1,1612,20 %,3.29,0.26,3667,,,,,,tridan@water.koeln,,,,,,,maalista,,meine LEZTE FOLGE MINECRAFT HELDEN 3..😭,"katselut 53 % tilaajista; 254k tilaajaa, yli rajan 110k: 5 hylkäystä syystä kilpailija tai eksklusiivisuus, pienin niistä 110 000 tilaajaa; selvästi yli heidän haarukkansa; Minecraft, niche vaatii koneen; vain yhden maan listalla; julkaisee aktiivisesti; yhteystieto kuvauksessa",,
35,Jepex,@jepexofficial,https://www.youtube.com/@jepexofficial,,tuntematon,en,peli,Minecraft,Minecraft,750000,275520,275520,30d,0.37,nouseva,412,3.7,3,146,45 %,2,0.13,3561,,,,,,jepexoffical@gmail.com,,,,,,,kommentoija,MinuteTech,I Mastered the Worst PVP Methods,"katselut 37 % tilaajista; 750k tilaajaa, yli rajan 110k: 5 hylkäystä syystä kilpailija tai eksklusiivisuus, pienin niistä 110 000 tilaajaa; selvästi yli heidän haarukkansa; Minecraft, niche vaatii koneen; katselut nousussa 412 %; löytyi kommentoijana (MinuteTech); julkaisee aktiivisesti; yhteystieto kuvauksessa",,
30,BloxxiHD,@bloxxihd,https://www.youtube.com/@bloxxihd,DE,epävarma,de,peli,Minecraft,Minecraft | Fortnite | Roblox,535,1540,1258,30d,2.88,laskeva,-35,20,0,53,95 %,1.81,0.76,69,,,,,,,,,,,,,kommentoija,LiveLuc,Gib niemals auf #minecraft ￼,"katselusuhde 288 % epäilyttävän korkea; Minecraft, niche vaatii koneen; katselut laskussa -35 %; alle heidän haarukkansa; löytyi kommentoijana (LiveLuc); julkaisee aktiivisesti; maa epävarma",,
30,Felm,@felm001,https://www.youtube.com/@felm001,,tuntematon,ru,peli,Minecraft,Minecraft,800,8821,1793,30d,11.03,vakaa,-29,20,3,53,90 %,1.77,0.07,482,,,,,,,,,,,,,kommentoija,MrLololoshka (Роман Фильченков),Жил был обсидиан 🤣 #minecraft #майнкрафт,"katselusuhde 1103 % epäilyttävän korkea; Minecraft, niche vaatii koneen; alle heidän haarukkansa; löytyi kommentoijana (MrLololoshka (Роман Фильченков)); julkaisee aktiivisesti",,
30,Physic Gear  5,@ytsuperspiele,https://www.youtube.com/@ytsuperspiele,DE,epävarma,de,peli,Fortnite,Fortnite | Roblox,502,13,11,90d,0.03,laskeva,-86,3.3,34,156,55 %,5.13,0,1195,,,,,,,,,,,,,kommentoija,iCrimax,Alle aufpassen,"katselut vain 3 % tilaajista; Fortnite, niche vaatii koneen; katselut laskussa -86 %; alle heidän haarukkansa; löytyi kommentoijana (iCrimax); maa epävarma",,
30,StayzFN,@stayzfn,https://www.youtube.com/@stayzfn,DE,epävarma,de,peli,Minecraft,Minecraft | Fortnite | Mobiilipelit,6050,9,5,90d,0,laskeva,-96,0.5,148,8,30 %,9.09,0,1324,,,,,,,,,,,,,kommentoija,iCrimax,Einfach Derjoscher gertrfen,"Minecraft, niche vaatii koneen; katselut laskussa -96 %; kokoluokka osuu; löytyi kommentoijana (iCrimax); 148 pv edellisestä videosta; maa epävarma",,
30,EinfachCool,@einfachcool.123,https://www.youtube.com/@einfachcool.123,DE,epävarma,de,peli,Minecraft,Minecraft | Roblox,1740,3572,345,30d,2.05,laskeva,-92,20,0,594,100 %,1.37,0.04,59,,,,,,,,,,,,,kommentoija,Standart Skill,#communitylove #minecraftdeutsch #communityliebe #pudelskellergang #minecraft,"katselusuhde 205 % epäilyttävän korkea; Minecraft, niche vaatii koneen; katselut laskussa -92 %; alle heidän haarukkansa; löytyi kommentoijana (Standart Skill); julkaisee aktiivisesti; maa epävarma",,
30,OBSIDIAN-EDITZ,@obsidian-editz-16,https://www.youtube.com/@obsidian-editz-16,,tuntematon,en,peli,Minecraft,Minecraft,666,10873,11333,30d,16.33,vakaa,9,9.4,7,109,100 %,4.79,0.66,179,,,,,,,,,,,,,kommentoija,MinuteTech,He lost everything || #unstablesmp #parrotx2 #wemmbu #flamefrags #spokeishere #minecraft #edit ||,"katselusuhde 1633 % epäilyttävän korkea; Minecraft, niche vaatii koneen; alle heidän haarukkansa; löytyi kommentoijana (MinuteTech); julkaisee aktiivisesti",,
30,ReluqtantMC,@reluqtantmc,https://www.youtube.com/@reluqtantmc,,tuntematon,en,peli,Minecraft,Minecraft,500,1090,1135,30d,2.18,vakaa,-14,15.2,5,26,95 %,1.29,0.5,379,,,,,,,,,,,,,kommentoija,MinuteTech,ItzRealMe… #itzrealme #minecraftshorts #pvp #gaming #funny #memes #lol #proplayer,"katselusuhde 218 % epäilyttävän korkea; Minecraft, niche vaatii koneen; alle heidän haarukkansa; löytyi kommentoijana (MinuteTech); julkaisee aktiivisesti",,
30,Zenith playzZz,@menticorgaming7225,https://www.youtube.com/@menticorgaming7225,,tuntematon,en,peli,Minecraft,Minecraft,1600,135,135,30d,0.08,laskeva,-78,8.9,7,2031,30 %,1.12,0.37,2460,,,,,,,,,,,,,kommentoija,MinuteTech,Rich bot #pubg #shorts ,"katselut vain 8 % tilaajista; Minecraft, niche vaatii koneen; katselut laskussa -78 %; alle heidän haarukkansa; löytyi kommentoijana (MinuteTech); julkaisee aktiivisesti",,
30,Mark Rumpe 107,@herrrumpe_107,https://www.youtube.com/@herrrumpe_107,DE,varma,de,peli,Minecraft,Minecraft,882,19,19,30d,0.02,laskeva,-33,3.8,20,908,45 %,5.41,0,1676,,,,,,,,,,,,,kommentoija,CSYON,21. April 2026,"katselut vain 2 % tilaajista; Minecraft, niche vaatii koneen; katselut laskussa -33 %; alle heidän haarukkansa; löytyi kommentoijana (CSYON)",,
30,007Cendro,@007cendro,https://www.youtube.com/@007cendro,DE,epävarma,de,peli,Fortnite,Fortnite,713,1985,1092,30d,2.78,laskeva,-54,20,0,179,100 %,0.92,0.14,223,,,,,,,,,,,,,kommentoija,CastCrafter,Ich hab gefurzt,"katselusuhde 278 % epäilyttävän korkea; Fortnite, niche vaatii koneen; katselut laskussa -54 %; alle heidän haarukkansa; löytyi kommentoijana (CastCrafter); julkaisee aktiivisesti; maa epävarma",,
25,Ukri,@ukri-mc,https://www.youtube.com/@ukri-mc,DE,varma,de,peli,Minecraft,Minecraft | Roblox,603000,115470,77454,30d,0.19,laskeva,-32,20,0,1233,10 %,2.07,0.09,1379,,,,,,ukri@inflyzed.com,,,,,,,maalista,,POV: Es wir NACHT in Minecraft!,"katselut 19 % tilaajista; 603k tilaajaa, yli rajan 110k: 5 hylkäystä syystä kilpailija tai eksklusiivisuus, pienin niistä 110 000 tilaajaa; selvästi yli heidän haarukkansa; Minecraft, niche vaatii koneen; katselut laskussa -32 %; vain yhden maan listalla; julkaisee aktiivisesti; yhteystieto kuvauksessa",,
25,Laraaa ♡,@laraaareagiert,https://www.youtube.com/@laraaareagiert,DE,epävarma,de,peli,Minecraft,Minecraft | Roblox,1150,3030,1480,90d,2.63,nouseva,82,0.7,110,17,94 %,2.24,0.18,1143,,,,,,,,,,,,,kommentoija,LiveLuc,Spin in Round and Round 🖤🔛🔝 #roblox #gaming #lifestyle #friends ,"katselusuhde 263 % epäilyttävän korkea; Minecraft, niche vaatii koneen; katselut nousussa 82 %; alle heidän haarukkansa; löytyi kommentoijana (LiveLuc); 110 pv edellisestä videosta; maa epävarma",,
25,Daniel N.,@stepsisdaniel,https://www.youtube.com/@stepsisdaniel,DE,epävarma,de,peli,Minecraft,Minecraft | Fortnite,977,113,60,90d,0.12,vakaa,-19,0.4,229,130,45 %,5.32,2.48,3287,,,,,,,,,,,,,kommentoija,Trymacs,Hypixel false banned me for farming lol,"katselut vain 12 % tilaajista; Minecraft, niche vaatii koneen; alle heidän haarukkansa; löytyi kommentoijana (Trymacs); 229 pv edellisestä videosta; maa epävarma",,
25,"macadamiannuss ;)",@macadamiannuss,https://www.youtube.com/@macadamiannuss,DE,epävarma,de,peli,Fortnite,Fortnite,669,1957,918,90d,2.93,nouseva,2078,0.9,565,186,90 %,5.62,0.06,3950,,,,,,,,,,,,,kommentoija,Benx,8. März 2025,"katselusuhde 293 % epäilyttävän korkea; Fortnite, niche vaatii koneen; katselut nousussa 2078 %; alle heidän haarukkansa; löytyi kommentoijana (Benx); 565 pv edellisestä videosta; maa epävarma",,
25,sea4,@sea4,https://www.youtube.com/@sea4,,tuntematon,en,peli,Minecraft,Minecraft,85700,578368,578368,30d,6.75,laskeva,-48,3.4,28,103,70 %,1.62,0.08,2216,,,,,,,,,,,,,kommentoija,MinuteTech,Destroying A Mythic Only SMP,"katselusuhde 675 % epäilyttävän korkea; Minecraft, niche vaatii koneen; katselut laskussa -48 %; kokoluokka osuu; löytyi kommentoijana (MinuteTech)",,
25,Morningstar ,@morningstar_yt1,https://www.youtube.com/@morningstar_yt1,DE,varma,de,peli,Fortnite,Fortnite,1320,6275,1090,90d,4.75,nouseva,149,0.4,1192,509,60 %,2.07,0.12,2547,,,,,,,,,,,,,kommentoija,rezon ay,Kassel Unwetter | Wilhelmshöhe | Edeka | Bahnhof,"katselusuhde 475 % epäilyttävän korkea; Fortnite, niche vaatii koneen; katselut nousussa 149 %; alle heidän haarukkansa; löytyi kommentoijana (rezon ay); 1192 pv edellisestä videosta",,
20,CastCrafter,@castcrafter,https://www.youtube.com/@castcrafter,DE,varma,de,peli,Minecraft,Minecraft | Mobiilipelit,530000,226378,260073,30d,0.43,laskeva,-70,3.2,1,3350,75 %,1.33,0.02,5186,,,,,,,,,,,,,maalista,,DAS HABEN 2000 SPIELER IN 10 TAGEN CREATIVE ERSCHAFFEN..🤯,"katselut 43 % tilaajista; 530k tilaajaa, yli rajan 110k: 5 hylkäystä syystä kilpailija tai eksklusiivisuus, pienin niistä 110 000 tilaajaa; selvästi yli heidän haarukkansa; Minecraft, niche vaatii koneen; katselut laskussa -70 %; vain yhden maan listalla; julkaisee aktiivisesti",,
20,WyLL,@wyll_,https://www.youtube.com/@wyll_,,tuntematon,en,peli,Minecraft,Minecraft,278000,457155,457155,90d,1.64,nouseva,9853,1.1,33,46,0 %,3.59,0.29,3217,,,,,,,,,,,,,kommentoija,MinuteTech,"Ruining Karl Jacobs $25,000 Minecraft Event","katselut 164 % tilaajista; 278k tilaajaa, yli rajan 110k: 5 hylkäystä syystä kilpailija tai eksklusiivisuus, pienin niistä 110 000 tilaajaa; selvästi yli heidän haarukkansa; Minecraft, niche vaatii koneen; katselut nousussa 9853 %; löytyi kommentoijana (MinuteTech)",,
20,Wemmbu,@wemmbumc,https://www.youtube.com/@wemmbumc,,tuntematon,en,peli,Minecraft,Minecraft,4640000,8535366,8535366,30d,1.84,vakaa,-12,2,7,89,20 %,2.18,0.16,1082,,,,,,,,,,,,,kommentoija,MinuteTech,How I Saved the World's Largest Minecraft Server,"katselut 184 % tilaajista; 4640k tilaajaa, yli rajan 110k: 5 hylkäystä syystä kilpailija tai eksklusiivisuus, pienin niistä 110 000 tilaajaa; selvästi yli heidän haarukkansa; Minecraft, niche vaatii koneen; löytyi kommentoijana (MinuteTech); julkaisee aktiivisesti",,
20,EmpireBlue,@empireblueyt,https://www.youtube.com/@empireblueyt,,tuntematon,en,peli,Minecraft,Minecraft,529,1762,1762,90d,3.33,vakaa,8,1.1,64,17,44 %,2.72,1.53,1060,,,,,,,,,,,,,kommentoija,MinuteTech,Not even totems can stop me....  #tiki #minecraftmontage #mace #spear,"katselusuhde 333 % epäilyttävän korkea; Minecraft, niche vaatii koneen; alle heidän haarukkansa; löytyi kommentoijana (MinuteTech)",,
10,Paulberger,@paulbergerog,https://www.youtube.com/@paulbergerog,DE,varma,de,peli,Minecraft,Minecraft | Fortnite | GTA | Roblox,1200000,103239,96268,30d,0.09,nouseva,37,20,1,2157,0 %,1.64,0.08,3531,,,,,,,,,,,,,maalista,,mein 1. ADMIN ABUSE in Steal all Cars!,"katselut vain 9 % tilaajista; 1200k tilaajaa, yli rajan 110k: 5 hylkäystä syystä kilpailija tai eksklusiivisuus, pienin niistä 110 000 tilaajaa; selvästi yli heidän haarukkansa; Minecraft, niche vaatii koneen; katselut nousussa 37 %; vain yhden maan listalla; julkaisee aktiivisesti",,
5,Standart Skill,@standartskill,https://www.youtube.com/@standartskill,DE,varma,de,peli,Fortnite,Fortnite | Roblox,3810000,175508,178901,30d,0.05,vakaa,-6,20,1,4740,10 %,1.34,0.05,4719,,,,,,info@whitecast.de,info@whitecast.de,,,,,,maalista,,wir STARTEN NEU in Steal an EGG aber mit 10.000 ROBUX!,"katselut vain 5 % tilaajista; 3810k tilaajaa, yli rajan 110k: 5 hylkäystä syystä kilpailija tai eksklusiivisuus, pienin niistä 110 000 tilaajaa; selvästi yli heidän haarukkansa; Fortnite, niche vaatii koneen; vain yhden maan listalla; julkaisee aktiivisesti; yhteystieto kuvauksessa",,
5,LumeXx,@lumexx.official,https://www.youtube.com/@lumexx.official,DE,varma,de,peli,Minecraft,Minecraft | Fortnite | GTA | Simulaattorit | Roblox | Mobiilipelit,1310000,153588,141181,30d,0.12,vakaa,-5,20,1,1698,0 %,1.06,0.05,2274,,,,,,lumexx@lunyone.de,,,,,,,maalista,,Ich CHEATE als IMPOSTER in Roblox Catch The Artist!,"katselut vain 12 % tilaajista; 1310k tilaajaa, yli rajan 110k: 5 hylkäystä syystä kilpailija tai eksklusiivisuus, pienin niistä 110 000 tilaajaa; selvästi yli heidän haarukkansa; Minecraft, niche vaatii koneen; vain yhden maan listalla; julkaisee aktiivisesti; yhteystieto kuvauksessa",,
5,iCrimax,@icrimax,https://www.youtube.com/@icrimax,DE,varma,de,peli,Minecraft,Minecraft | Fortnite | GTA | Roblox,4320000,564626,288736,30d,0.13,vakaa,-16,20,0,4361,10 %,1.04,0.07,4658,,,,,,icrimax@whitecast.de,,,,,,,maalista,,POV Du bist iCrimax auf der Gamescom!,"katselut vain 13 % tilaajista; 4320k tilaajaa, yli rajan 110k: 5 hylkäystä syystä kilpailija tai eksklusiivisuus, pienin niistä 110 000 tilaajaa; selvästi yli heidän haarukkansa; Minecraft, niche vaatii koneen; vain yhden maan listalla; julkaisee aktiivisesti; yhteystieto kuvauksessa",,
5,AviveHD,@avivehd,https://www.youtube.com/@avivehd,DE,varma,de,peli,Minecraft,Minecraft | Fortnite | GTA,3200000,158395,157567,30d,0.05,vakaa,9,14.8,0,3402,5 %,3.92,0.35,5034,,,,,,info@avivehd.de,info@avivehd.de,,,,,,kommentoija,LiveLuc,WER ALS LETZTES EISBAD VERLÄSST KRIEGT 2.000 EURO 🥶 (mit iCrimax),"katselut vain 5 % tilaajista; 3200k tilaajaa, yli rajan 110k: 5 hylkäystä syystä kilpailija tai eksklusiivisuus, pienin niistä 110 000 tilaajaa; selvästi yli heidän haarukkansa; Minecraft, niche vaatii koneen; löytyi kommentoijana (LiveLuc); julkaisee aktiivisesti; yhteystieto kuvauksessa",,
0,Trymacs,@trymacs,https://www.youtube.com/@trymacs,DE,varma,de,peli,Minecraft,Minecraft | Fortnite | Battlefield / CoD | Mobiilipelit,2540000,339069,345058,30d,0.13,vakaa,-28,20,1,4769,0 %,2.02,0.03,3848,,,,,,,,,,,,,maalista,,🤯🔥Das 30 JAHRE POKEMON Jubiläums SET ist ENDLICH DA!! - Wunderschöne KARTEN | Trymacs,"katselut vain 13 % tilaajista; 2540k tilaajaa, yli rajan 110k: 5 hylkäystä syystä kilpailija tai eksklusiivisuus, pienin niistä 110 000 tilaajaa; selvästi yli heidän haarukkansa; Minecraft, niche vaatii koneen; vain yhden maan listalla; julkaisee aktiivisesti",,
0,OrKsy,@orksy,https://www.youtube.com/@orksy,DE,varma,de,peli,Minecraft,Minecraft | Fortnite | GTA | Roblox,346000,14080,11821,30d,0.04,vakaa,-11,7.2,13,385,0 %,2.67,0.16,1367,,,,,,,,,,,,,kommentoija,Ukri,Deine Schulmobberin hat sich Verliebt in Dich... in Minecraft!,"katselut vain 4 % tilaajista; 346k tilaajaa, yli rajan 110k: 5 hylkäystä syystä kilpailija tai eksklusiivisuus, pienin niistä 110 000 tilaajaa; selvästi yli heidän haarukkansa; Minecraft, niche vaatii koneen; löytyi kommentoijana (Ukri); julkaisee aktiivisesti",,
-5,_Slothlord_ ,@_slothlord_,https://www.youtube.com/@_slothlord_,,tuntematon,en,peli,Minecraft,Minecraft,822,6953,72,90d,8.46,laskeva,-66,1.3,119,93,35 %,0.87,0.08,976,,,,,,,,,,,,,kommentoija,MinuteTech,Breach Swapping Re-Explained,"katselusuhde 846 % epäilyttävän korkea; Minecraft, niche vaatii koneen; katselut laskussa -66 %; alle heidän haarukkansa; löytyi kommentoijana (MinuteTech); 119 pv edellisestä videosta",,
-10,Benx,@benx,https://www.youtube.com/@benx,DE,varma,de,peli,Minecraft,Minecraft | Simulaattorit | Roblox,2300000,139310,138445,30d,0.06,laskeva,-33,20,0,6780,10 %,2.98,0.1,4482,,,,,,,,,,,,,maalista,,START VON MINECRAFT FEINDE!,"katselut vain 6 % tilaajista; 2300k tilaajaa, yli rajan 110k: 5 hylkäystä syystä kilpailija tai eksklusiivisuus, pienin niistä 110 000 tilaajaa; selvästi yli heidän haarukkansa; Minecraft, niche vaatii koneen; katselut laskussa -33 %; vain yhden maan listalla; julkaisee aktiivisesti",,
-25,Flowtives,@flowtives,https://www.youtube.com/@flowtives,,tuntematon,en,peli,Minecraft,Minecraft,303000,974063,974063,30d,3.21,laskeva,-48,4,11,149,0 %,2.01,0.1,2846,,,,,,business@flowtives.co,business@flowtives.co,,,,,,kommentoija,MinuteTech,"This Server Mocked Me, So I Got Revenge","katselusuhde 321 % epäilyttävän korkea; 303k tilaajaa, yli rajan 110k: 5 hylkäystä syystä kilpailija tai eksklusiivisuus, pienin niistä 110 000 tilaajaa; selvästi yli heidän haarukkansa; Minecraft, niche vaatii koneen; katselut laskussa -48 %; löytyi kommentoijana (MinuteTech); julkaisee aktiivisesti; yhteystieto kuvauksessa",,